date,acclimatised_temp,test_temp,replicate,concentration,observation,neonates,size_neonate,size_ephippia,size_adult
19-4-2019,20,25,1,44,ephippia,,,,
19-4-2019,20,25,1,13,ephippia,,,,
19-4-2019,20,25,1,6,ephippia,,,,
19-4-2019,20,20,1,13,neonates,2,,,
19-4-2019,20,20,1,6,neonates,2,,,
20-4-2019,20,25,1,20,dead,,,,
20-4-2019,25,25,2,9,dead,,,,
20-4-2019,20,20,2,100,neonates,4,,,
20-4-2019,20,20,3,30,neonates,4,,,
20-4-2019,20,20,3,13,neonates,2,,,
21-4-2019,25,20,2,100,neonates,3,,,
21-4-2019,15,20,1,100,dead,,,,
21-4-2019,25,25,1,6,ephippia,,,,
21-4-2019,25,25,1,20,neonates,2,,,
21-4-2019,20,25,1,4,ephippia,,,,
22-4-2019,25,20,1,6,ephippia,,,,
22-4-2019,25,20,2,67,neonates,2,,,
22-4-2019,25,20,3,0,neonates,2,,,
27-4-2019,15,20,1,44,neonates,6,,,
27-4-2019,15,20,2,67,dead,,,,
27-4-2019,20,20,1,30,ephippia,,,,
27-4-2019,20,20,2,4,ephippia,,,,
27-4-2019,20,20,3,4,neonates,2,,,
27-4-2019,20,20,3,30,neonates,1,,,
27-4-2019,25,20,2,9,neonates,2,,,
27-4-2019,25,20,3,9,neonates,2,,,
27-4-2019,15,15,2,4,dead,,,,
27-4-2019,20,25,3,100,dead,,,,
27-4-2019,25,25,3,100,dead,,,,
27-4-2019,20,25,1,44,neonates,1,,,
27-4-2019,20,25,3,67,ephippia,,,,
28-4-2019,25,20,3,0,missing,,,,
28-4-2019,20,20,2,9,ephippia,,,,
28-4-2019,20,20,2,6,ephippia,,,,
28-4-2019,20,20,3,13,ephippia,,,,
28-4-2019,15,15,3,9,dead,,,,
28-4-2019,15,15,3,4,dead,,,,
28-4-2019,20,15,1,6,neonates,1,,,
28-4-2019,20,15,1,30,neonates,11,,,
28-4-2019,15,25,2,13,neonates,3,,,
3-5-2019,25,15,2,13,neonates,7,,,
3-5-2019,20,15,1,6,ephippia,,,,
3-5-2019,20,15,1,30,ephippia,,,,
3-5-2019,20,25,1,0,neonates,2,,,
3-5-2019,20,25,1,44,neonates,2,,,
3-5-2019,20,25,3,30,neonates,2,,,
3-5-2019,25,25,1,100,dead,,,,
3-5-2019,15,25,2,0,dead,,,,
3-5-2019,15,25,3,100,dead,,,,
3-5-2019,25,20,1,4,neonates,2,,,
3-5-2019,25,20,2,100,neonates,3,,,
3-5-2019,25,20,3,9,neonates,4,,,
3-5-2019,15,20,1,30,neonates,4,,,
3-5-2019,15,20,1,44,neonates,4,,,
3-5-2019,15,20,1,67,neonates,3,,,
4-5-2019,20,15,1,0,neonates,3,,,
4-5-2019,20,15,3,0,neonates,6,,,
4-5-2019,20,15,3,9,neonates,3,,,
4-5-2019,20,20,1,0,neonates,3,,,
4-5-2019,20,20,1,44,neonates,3,,,
4-5-2019,20,20,1,67,neonates,4,,,
4-5-2019,20,20,1,100,neonates,3,,,
4-5-2019,20,20,2,0,neonates,5,,,
4-5-2019,20,20,2,4,neonates,3,,,
4-5-2019,20,20,2,100,neonates,2,,,
4-5-2019,20,20,3,0,dead,,,,
4-5-2019,20,20,3,4,neonates,1,,,
4-5-2019,20,20,3,9,neonates,2,,,
4-5-2019,20,20,3,30,neonates,2,,,
4-5-2019,25,20,2,4,neonates,3,,,
4-5-2019,25,20,2,13,neonates,2,,,
4-5-2019,25,20,1,9,neonates,3,,,
4-5-2019,25,20,1,20,neonates,2,,,
4-5-2019,25,20,1,67,neonates,3,,,
4-5-2019,25,20,3,4,neonates,2,,,
4-5-2019,25,20,3,44,neonates,3,,,
4-5-2019,25,20,3,100,neonates,2,,,
4-5-2019,15,20,2,6,neonates,2,,,
4-5-2019,15,20,3,4,neonates,2,,,
4-5-2019,20,25,1,9,ephippia,,,,
4-5-2019,20,25,1,30,neonates,1,,,
4-5-2019,20,25,2,6,neonates,1,,,
4-5-2019,20,25,2,20,neonates,2,,,
4-5-2019,20,25,3,0,neonates,1,,,
4-5-2019,25,25,1,6,neonates,2,,,
4-5-2019,25,25,1,13,neonates,1,,,
4-5-2019,25,25,2,9,neonates,1,,,
4-5-2019,25,25,2,30,neonates,1,,,
4-5-2019,25,25,2,44,neonates,2,,,
4-5-2019,25,25,3,4,neonates,2,,,
4-5-2019,25,25,3,30,neonates,2,,,
4-5-2019,25,25,3,67,neonates,1,,,
4-5-2019,15,25,1,0,neonates,2,,,
4-5-2019,15,25,1,4,neonates,3,,,
4-5-2019,15,25,1,6,neonates,2,,,
4-5-2019,15,25,1,9,neonates,1,,,
4-5-2019,15,25,1,20,neonates,1,,,
4-5-2019,15,25,2,4,neonates,1,,,
4-5-2019,15,25,2,100,unknown,,,,
4-5-2019,15,25,3,44,ephippia,,,,
4-5-2019,25,25,2,0,dead,,,,
5-5-2019,20,20,2,6,neonates,2,,,
5-5-2019,20,20,3,13,neonates,2,,,
5-5-2019,20,20,3,20,neonates,2,,,
5-5-2019,25,20,1,6,neonates,3,,,
5-5-2019,25,20,1,13,neonates,2,,,
5-5-2019,25,20,2,6,neonates,2,,,
5-5-2019,25,20,2,20,neonates,2,,,
5-5-2019,25,20,3,20,neonates,2,,,
5-5-2019,25,20,3,30,neonates,2,,,
5-5-2019,15,20,1,0,neonates,4,,,
5-5-2019,15,20,1,4,neonates,2,,,
5-5-2019,15,20,1,6,neonates,2,,,
5-5-2019,15,20,1,9,neonates,2,,,
5-5-2019,15,20,1,20,neonates,1,,,
5-5-2019,15,20,2,4,neonates,1,,,
5-5-2019,15,20,2,13,neonates,3,,,
5-5-2019,15,20,2,20,neonates,2,,,
5-5-2019,15,20,3,44,neonates,3,,,
5-5-2019,20,15,2,20,neonates,5,,,
5-5-2019,25,15,2,30,neonates,4,,,
5-5-2019,20,25,2,0,neonates,1,,,
5-5-2019,15,25,1,13,neonates,2,,,
5-5-2019,15,25,1,30,neonates,2,,,
5-5-2019,15,25,1,44,neonates,2,,,
5-5-2019,15,25,2,6,neonates,1,,,
5-5-2019,25,20,1,20,dead,,,,
5-5-2019,20,25,3,4,dead,,,,
5-5-2019,15,25,3,9,dead,,,,
5-5-2019,20,25,3,30,dead,,,,
5-5-2019,20,15,3,13,dead,,,,
6-5-2019,20,20,2,9,neonates,2,,,
6-5-2019,20,20,2,13,neonates,2,,,
6-5-2019,25,20,1,4,neonates,1,,,
6-5-2019,25,20,1,9,neonates,1,,,
6-5-2019,25,20,3,9,neonates,1,,,
6-5-2019,15,20,1,13,neonates,2,,,
6-5-2019,15,20,3,9,neonates,1,,,
6-5-2019,15,20,3,20,neonates,3,,,
6-5-2019,20,15,2,6,neonates,7,,,
6-5-2019,20,15,2,13,neonates,5,,,
6-5-2019,20,15,2,30,neonates,3,,,
6-5-2019,20,15,3,44,ephippia,,,,
6-5-2019,25,15,1,4,neonates,3,,,
6-5-2019,25,15,1,13,neonates,4,,,
6-5-2019,25,15,1,20,neonates,4,,,
6-5-2019,25,15,2,30,neonates,2,,,
6-5-2019,15,25,1,0,ephippia,,,,
6-5-2019,15,25,1,9,ephippia,,,,
6-5-2019,25,25,2,20,neonates,1,,,
6-5-2019,25,25,3,20,neonates,1,,,
6-5-2019,20,25,3,6,neonates,1,,,
6-5-2019,20,25,3,13,neonates,3,,,
6-5-2019,20,25,3,20,ephippia,,,,
6-5-2019,20,25,3,30,neonates,2,,,
10-5-2019,20,20,3,13,neonates,1,,,
10-5-2019,25,20,2,6,neonates,3,,,
10-5-2019,25,20,2,44,neonates,2,,,
10-5-2019,15,20,2,100,neonates,4,,,
10-5-2019,15,20,1,13,neonates,3,,,
10-5-2019,15,20,1,30,neonates,6,,,
10-5-2019,15,20,2,0,neonates,2,,,
10-5-2019,15,20,2,6,neonates,4,,,
10-5-2019,15,20,3,9,neonates,2,,,
10-5-2019,15,25,1,30,neonates,3,,,
10-5-2019,15,25,1,44,neonates,2,,,
10-5-2019,15,25,2,4,neonates,2,,,
10-5-2019,15,25,2,6,neonates,4,,,
10-5-2019,15,25,2,9,neonates,2,,,
10-5-2019,15,25,2,13,neonates,2,,,
10-5-2019,15,25,2,30,neonates,2,,,
10-5-2019,15,25,2,67,neonates,2,,,
10-5-2019,15,25,3,6,neonates,1,,,
10-5-2019,15,25,3,13,neonates,3,,,
10-5-2019,15,25,3,44,neonates,4,,,
11-5-2019,25,20,2,4,neonates,3,,,
11-5-2019,25,20,2,13,neonates,3,,,
11-5-2019,25,20,2,20,neonates,4,,,
11-5-2019,25,20,3,4,neonates,5,,,
11-5-2019,25,20,3,9,neonates,4,,,
11-5-2019,25,20,3,64,neonates,5,,,
11-5-2019,15,20,1,20,neonates,2,,,
11-5-2019,15,20,2,9,neonates,3,,,
11-5-2019,15,20,3,0,neonates,4,,,
11-5-2019,15,20,3,6,neonates,1,,,
11-5-2019,15,20,3,30,neonates,2,,,
11-5-2019,15,20,3,44,neonates,1,,,
11-5-2019,15,20,3,67,neonates,8,,,
11-5-2019,25,25,2,4,neonates,5,,,
11-5-2019,15,25,2,44,neonates,1,,,
11-5-2019,15,25,2,67,neonates,4,,,
11-5-2019,15,25,1,4,neonates,1,,,
11-5-2019,15,25,3,6,neonates,5,,,
11-5-2019,15,25,1,100,dead,,,,
11-5-2019,15,25,1,20,dead,,,,
12-5-2019,25,20,3,20,neonates,4,,,
12-5-2019,25,20,3,30,neonates,6,,,
12-5-2019,25,20,3,44,neonates,3,,,
12-5-2019,25,20,3,67,neonates,2,,,
12-5-2019,15,20,2,4,neonates,4,,,
12-5-2019,15,20,2,13,neonates,3,,,
12-5-2019,15,20,2,20,neonates,3,,,
12-5-2019,15,20,1,0,neonates,6,,,
12-5-2019,15,20,1,4,neonates,7,,,
12-5-2019,15,20,1,9,neonates,6,,,
12-5-2019,15,20,1,44,neonates,3,,,
12-5-2019,15,20,1,67,neonates,2,,,
12-5-2019,15,20,3,4,neonates,2,,,
12-5-2019,15,20,3,9,neonates,1,,,
12-5-2019,25,25,3,4,neonates,3,,,
12-5-2019,25,25,3,13,neonates,5,,,
12-5-2019,25,25,3,20,neonates,4,,,
12-5-2019,25,25,3,30,neonates,5,,,
12-5-2019,15,25,1,0,neonates,1,,,
12-5-2019,15,25,1,6,neonates,4,,,
12-5-2019,15,25,1,44,neonates,1,,,
12-5-2019,15,25,1,67,neonates,3,,,
12-5-2019,15,25,2,4,neonates,3,,,
12-5-2019,15,25,2,13,neonates,1,,,
12-5-2019,15,25,2,30,neonates,4,,,
12-5-2019,15,25,3,0,neonates,7,,,
12-5-2019,15,25,3,4,neonates,4,,,
12-5-2019,15,25,3,13,neonates,6,,,
12-5-2019,15,25,3,20,neonates,5,,,
12-5-2019,15,25,3,30,neonates,4,,,
12-5-2019,15,25,3,44,neonates,3,,,
12-5-2019,15,25,3,67,neonates,2,,,
12-5-2019,15,15,1,4,neonates,2,,,
12-5-2019,15,15,2,0,neonates,3,,,
12-5-2019,15,15,2,13,neonates,1,,,
15-4-2019,20,20,1,9,Neonates,8,0.827916667,NA,2.766666667
15-4-2019,20,20,1,13,Neonates,6,0.945,NA,2.893333333
15-4-2019,20,20,1,20,Neonates,6,0.951666667,NA,3.03
15-4-2019,20,20,1,44,Neonates,3,1.023333333,NA,2.976666667
16-4-2019,20,20,1,4,Neonates,5,0.890666667,NA,2.733333333
16-4-2019,20,20,1,6,Neonates,7,0.898095238,NA,2.996666667
16-4-2019,20,20,1,13,Neonates,1,0.92,NA,3.086666667
16-4-2019,20,20,1,30,Neonates,7,0.959047619,NA,2.993333333
16-4-2019,20,20,1,100,Neonates,6,0.858333333,NA,2.71
17-4-2019,20,20,1,44,Neonates,5,0.906666667,NA,2.86
17-4-2019,20,20,1,66,Neonates,6,0.893333333,NA,2.983333333
13-4-2019,20,25,1,6,Neonates,5,0.909333333,NA,3.073333333
13-4-2019,20,25,1,9,Neonates,4,0.945,NA,2.9
13-4-2019,20,25,1,13,Neonates,5,0.916666667,NA,3.096666667
13-4-2019,20,25,1,20,Neonates,6,0.903333333,NA,3.056666667
13-4-2019,20,25,1,44,Neonates,5,0.920666667,NA,2.993333333
16-4-2019,20,25,1,4,Neonates,2,0.976666667,NA,3.11
16-4-2019,20,25,1,6,Neonates,2,0.958333333,NA,2.98
16-4-2019,20,25,1,13,Neonates,3,0.983333333,NA,2.9
16-4-2019,20,25,1,20,Neonates,3,0.995555556,NA,3.116666667
16-4-2019,20,25,1,44,Neonates,1,0.956666667,NA,3.24
18-4-2019,20,25,1,9,Ephip,NA,1.343333333,NA,2.813333333
16-4-2019,20,25,1,20,Ephip,NA,1.34,NA,2.803333333
23-4-2019,20,15,1,9,Neonates,5,,NA,
23-4-2019,25,25,1,100,Neonates,5,,NA,
23-4-2019,25,25,1,20,Neonates,1,,NA,
23-4-2019,25,25,2,20,Neonates,2,,NA,
23-4-2019,25,25,2,4,Neonates,2,,NA,
23-4-2019,25,25,2,0,Neonates,2,,NA,
23-4-2019,25,25,3,66,Neonates,3,,NA,
23-4-2019,25,25,3,44,Ephip,NA,NA,,
23-4-2019,25,25,3,30,Neonates,2,,NA,
23-4-2019,25,25,3,20,Neonates,2,,NA,
23-4-2019,25,25,3,13,Ephip,NA,NA,,
23-4-2019,20,25,1,66,Neonates,4,,NA,
23-4-2019,20,25,1,44,Neonates,1,,NA,
23-4-2019,20,25,1,30,Ephip,NA,NA,,
23-4-2019,20,25,1,9,Neonates,2,,NA,
23-4-2019,20,25,1,4,Neonates,1,,NA,
23-4-2019,20,25,1,0,Neonates,1,,NA,
23-4-2019,20,20,1,100,Neonates,2,,NA,
23-4-2019,20,20,1,20,Neonates,2,,NA,
23-4-2019,20,20,1,13,Neonates,2,,NA,
23-4-2019,20,20,1,9,Neonates,2,,NA,
23-4-2019,20,20,1,4,Neonates,2,,NA,
23-4-2019,20,20,2,20,Neonates,1,,NA,
23-4-2019,20,20,3,30,Ephip,NA,NA,,
23-4-2019,25,20,1,30,Neonates,2,,NA,
23-4-2019,25,20,1,20,Neonates,4,,NA,
23-4-2019,25,20,2,66,Dead,2,,NA,
23-4-2019,25,20,2,30,Neonates,3,,NA,
23-4-2019,25,20,2,20,Neonates,4,,NA,
23-4-2019,25,20,2,13,Neonates,5,,NA,
23-4-2019,25,20,2,9,Neonates,6,,NA,
23-4-2019,25,20,2,6,Neonates,4,,NA,
23-4-2019,25,20,2,4,Neonates,7,,NA,
23-4-2019,25,20,3,9,Neonates,4,,NA,
23-4-2019,25,20,3,4,Neonates,5,,NA,
24-4-2019,20,20,1,66,Neonates,6,,NA,
24-4-2019,20,20,1,6,Dead,NA,NA,NA,
24-4-2019,20,20,1,4,Neonates,3,,NA,
24-4-2019,20,20,1,0,Neonates,1,,NA,
24-4-2019,20,20,3,20,Ephip,NA,NA,,
24-4-2019,20,20,3,6,Dead,NA,NA,NA,
24-4-2019,25,20,2,4,Neonates,1,,NA,
24-4-2019,25,20,3,0,Dead,NA,NA,NA,
24-4-2019,15,20,1,6,Neonates,6,,NA,
24-4-2019,15,20,1,4,Neonates,6,,NA,
24-4-2019,25,25,1,20,Ephip,NA,NA,,
24-4-2019,25,25,2,100,Neonates,2,,NA,
24-4-2019,25,25,2,66,Ephip,NA,NA,,
24-4-2019,25,25,2,0,Neonates,3,,NA,
24-4-2019,25,25,3,4,Neonates,2,,NA,
24-4-2019,15,25,1,9,Neonates,2,,NA,
24-4-2019,20,25,1,44,Neonates,3,,NA,
24-4-2019,20,25,1,6,Neonates,4,,NA,
24-4-2019,20,15,3,100,Dead,NA,NA,NA,
24-4-2019,20,15,3,44,Neonates,1,,NA,
24-4-2019,20,25,3,13,Ephip,NA,NA,,
24-4-2019,20,15,1,100,Neonates,9,,NA,
24-4-2019,20,15,1,44,Neonates,9,,NA,
24-3-2019,20,15,1,13,Neonates,8,,NA,
24-4-2019,20,15,1,9,Neonates,3,,NA,
25-4-2019,20,20,1,44,Neonates,4,,NA,
25-4-2019,20,20,1,0,Neonates,3,,NA,
25-4-2019,15,20,1,13,Neonates,5,,NA,
25-4-2019,25,25,3,20,Neonates,1,,NA,
25-4-2019,25,25,2,4,Ephip,NA,NA,,
25-4-2019,25,25,3,66,Ephip,NA,NA,,
25-4-2019,25,25,3,20,Ephip,NA,NA,,
25-4-2019,15,25,1,66,Neonates,2,,NA,
25-4-2019,15,25,1,44,Neonates,3,,NA,
25-4-2019,15,25,1,13,Neonates,3,,NA,
25-4-2019,15,25,1,4,Neonates,1,,NA,
25-4-2019,15,25,3,20,Neonates,2,,NA,
25-4-2019,15,25,3,4,Neonates,3,,NA,
25-4-2019,20,25,1,30,Neonates,1,,NA,
25-4-2019,20,20,1,13,Neonates,4,,NA,
25-4-2019,20,25,1,9,Ephip,NA,NA,,
25-4-2019,20,25,2,20,Neonates,1,,NA,
25-4-2019,20,25,2,6,Ephip,NA,NA,,
25-4-2019,20,25,3,100,Dead,NA,NA,NA,
25-4-2019,20,25,3,30,Ephip,NA,NA,,
25-4-2019,20,15,1,66,Neonates,9,,NA,
25-4-2019,20,15,1,6,Neonates,12,,NA,
26-4-2019,20,15,1,20,Neonates,7,,NA,
26-4-2019,20,15,1,0,Neonates,4,,NA,
26-4-2019,25,25,3,30,Neonates,3,,NA,
26-4-2019,15,25,1,0,Neonates,2,,NA,
26-4-2019,15,25,3,9,Neonates,2,,NA,
26-4-2019,20,25,1,4,Neonates,2,,NA,
29-4-2019,20,20,1,100,Neonates,1,,NA,
29-4-2019,20,20,1,44,Neonates,1,,NA,
29-4-2019,20,20,1,13,Neonates,1,,NA,
29-4-2019,20,20,1,4,Neonates,2,,NA,
29-4-2019,20,20,2,66,Ephip,NA,NA,,
29-4-2019,20,20,2,20,Neonates,2,,NA,
29-4-2019,25,20,1,9,Ephip,NA,NA,,
29-4-2019,25,20,2,30,Dead,NA,NA,NA,
29-4-2019,25,20,2,4,Neonates,1,,NA,
29-4-2019,25,20,3,9,Ephip,NA,NA,,
29-4-2019,15,20,2,9,Neonates,3,,NA,
29-4-2019,15,20,3,100,Dead,NA,NA,NA,
29-4-2019,15,20,3,66,Neonates,4,,NA,
29-4-2019,15,20,3,44,Neonates,1,,NA,
29-4-2019,15,20,3,30,Neonates,5,,NA,
29-4-2019,15,20,3,20,Neonates,2,,NA,
29-4-2019,15,20,3,13,Neonates,3,,NA,
29-4-2019,15,20,3,9,Neonates,3,,NA,
29-4-2019,15,20,3,6,Neonates,1,,NA,
29-4-2019,15,25,2,100,Neonates,3,,NA,
29-4-2019,15,25,2,66,Ephip,NA,NA,,
29-4-2019,15,25,3,66,Neonates,1,,NA,
29-4-2019,15,25,3,30,Neonates,2,,NA,
29-4-2019,15,25,3,13,Neonates,2,,NA,
29-4-2019,25,25,1,9,Ephip,NA,NA,,
29-4-2019,25,25,2,0,Dead,NA,NA,NA,
29-4-2019,20,25,1,0,Neonates,2,,NA,
29-4-2019,20,25,2,20,Ephip,NA,NA,,
29-4-2019,20,25,3,13,Ephip,NA,NA,,
29-4-2019,20,25,3,4,Neonates,2,,NA,
29-4-2019,20,25,3,0,Neonates,2,,NA,
30-4-2019,20,20,2,100,Neonates,2,,NA,
30-4-2019,20,20,3,30,Ephip,NA,NA,,
30-4-2019,25,20,2,20,Neonates,3,,NA,
30-4-2019,25,20,2,13,Neonates,4,,NA,
30-4-2019,25,20,2,6,Ephip,NA,NA,,
30-4-2019,25,20,2,4,Neonates,2,,NA,
30-4-2019,25,20,3,4,Neonates,4,,NA,
30-4-2019,15,20,1,20,Ephip,NA,NA,,
30-4-2019,15,20,2,13,Neonates,5,,NA,
30-4-2019,15,20,2,6,Neonates,2,,NA,
30-4-2019,15,20,2,4,Neonates,3,,NA,
30-4-2019,15,20,2,0,Neonates,6,,NA,
30-4-2019,15,20,3,0,Neonates,4,,NA,
30-4-2019,20,15,1,44,Ephip,NA,NA,,
30-4-2019,20,15,1,20,Ephip,NA,NA,,
30-4-2019,15,25,1,67,Ephip,NA,NA,,
30-4-2019,15,25,1,44,Ephip,NA,NA,,
30-4-2019,15,25,1,0,Ephip,NA,NA,,
30-4-2019,25,25,2,4,Ephip,NA,NA,,
30-4-2019,25,25,3,20,Ephip,NA,NA,,
30-4-2019,25,25,3,13,Ephip,NA,NA,,
30-4-2019,20,25,1,9,Neonates,3,,NA,
30-4-2019,20,25,1,4,Neonates,1,,NA,
30-4-2019,20,25,2,66,Neonates,1,,NA,
30-4-2019,20,25,2,6,Neonates,1,,NA,
30-4-2019,20,25,2,4,Neonates,2,,NA,
1-5-2019,20,20,1,9,Neonates,3,,NA,
1-5-2019,20,20,1,0,Neonates,1,,NA,
1-5-2019,20,20,3,100,Ephip,NA,NA,,
1-5-2019,20,20,3,20,Neonates,2,,NA,
1-5-2019,20,20,3,13,Neonates,2,NA,,
1-5-2019,20,20,3,4,Ephip,NA,NA,,
1-5-2019,25,20,1,13,Ephip,NA,NA,,
1-5-2019,25,20,2,0,Neonates,3,,NA,
1-5-2019,25,20,3,67,Neonates,4,,NA,
1-5-2019,25,20,3,4,Neonates,1,,NA,
1-5-2019,15,20,1,9,Neonates,3,,NA,
1-5-2019,15,20,1,6,Neonates,3,,NA,
1-5-2019,15,20,3,66,Neonates,4,,NA,
1-5-2019,15,20,3,4,Neonates,2,,NA,
1-5-2019,20,15,1,100,Ephip,NA,NA,,
1-5-2019,20,15,1,9,Neonates,3,,NA,
1-5-2019,20,15,3,20,Neonates,6,,NA,
1-5-2019,15,25,1,13,Ephip,NA,NA,,
1-5-2019,15,25,1,6,Neonates,2,,NA,
1-5-2019,15,25,2,30,Ephip,NA,NA,,
1-5-2019,15,25,3,66,Ephip,NA,NA,,
1-5-2019,15,25,3,6,Neonates,2,,NA,
1-5-2019,15,25,3,4,Neonates,2,,NA,
1-5-2019,25,25,1,4,Neonates,2,,NA,
1-5-2019,25,25,2,66,Ephip,NA,NA,,
1-5-2019,25,25,2,44,Ephip,NA,NA,,
1-5-2019,25,25,2,20,Neonates,2,,NA,
1-5-2019,25,25,2,13,Neonates,3,,NA,
1-5-2019,25,25,2,6,Neonates,1,,NA,
1-5-2019,20,25,1,30,Neonates,1,,NA,
1-5-2010,20,25,2,0,Neonates,2,,NA,
2-5-2019,20,20,1,20,Neonates,2,,NA,
2-5-2019,20,20,1,4,Neonates,3,,NA,
2-5-2019,25,20,2,44,Neonates,4,,NA,
2-5-2019,15,20,1,13,Neonates,2,,NA,
2-5-2019,15,20,1,4,Neonates,2,,NA,
2-5-2019,15,20,2,9,Neonates,2,,NA,
2-5-2019,15,20,2,0,Neonates,5,,NA,
2-5-2019,15,20,3,30,Neonates,2,,NA,
2-5-2019,15,20,3,9,Neonates,2,,NA,
2-5-2019,15,20,3,6,Neonates,3,,NA,
2-5-2019,20,15,1,13,Ephip,NA,NA,,
2-5-2019,25,25,1,6,Neonates,2,,NA,
2-5-2019,25,25,3,66,Neonates,1,,NA,
2-5-2019,25,25,3,44,Neonates,2,,NA,
2-5-2019,20,25,1,66,Neonates,2,,NA,
2-5-2019,20,25,1,13,Neonates,2,,NA,
2-5-2019,20,25,1,6,Neonates,2,,NA,
2-5-2019,20,25,1,4,Neonates,2,,NA,
2-5-2019,20,25,2,9,Neonates,3,,NA,
2-5-2019,20,25,3,44,Neonates,2,,NA,
2-5-2019,20,25,3,20,Neonates,3,,NA,
2-5-2019,20,25,3,1,Neonates,1,,NA,
2-5-2019,20,25,3,4,Ephip,NA,NA,,
7-5-2019,20,20,2,20,Neonates,2,1.33,NA,3.01
7-5-2019,25,20,1,66,Neonates,1,0.93,NA,3.056666667
7-5-2019,25,20,1,6,Ephip,NA,NA,1.35,2.99
7-5-2019,25,20,2,0,Neonates,1,1.316666667,NA,2.79
7-5-2019,15,20,2,100,Neonates,2,0.906666667,NA,2.356666667
7-5-2019,15,20,2,9,Neonates,2,1.343333333,NA,2.783333333
7-5-2019,15,20,2,0,Neonates,1,1.35,NA,2.816666667
7-5-2019,15,20,3,30,Neonates,2,1.205,NA,2.776666667
7-5-2019,15,20,3,6,Neonates,2,1.04,NA,2.863333333
7-5-2019,20,15,2,30,Neonates,2,0.883333333,NA,3.12
7-5-2019,20,25,2,66,Neonates,2,1.255,NA,2.92
7-5-2019,20,25,2,20,Neonates,2,1.038333333,NA,3.01
7-5-2019,20,25,2,6,Neonates,2,1.298333333,NA,2.753333333
7-5-2019,20,25,2,4,Neonates,3,1.006666667,NA,2.84
7-5-2019,20,25,3,0,Neonates,1,1.24,NA,2.81
7-5-2019,15,25,1,20,Ephip,NA,NA,1.3,2.6
7-5-2019,15,25,1,6,Ephip,NA,NA,1.206666667,2.61
7-5-2019,15,25,1,4,Ephip,NA,NA,1.28,2.713333333
7-5-2019,15,25,2,30,Neonates,1,0.97,NA,2.846666667
7-5-2019,15,25,2,13,Neonates,2,0.995,NA,2.82
7-5-2019,15,25,2,4,Neonates,1,1.01,NA,2.76
7-5-2019,15,25,3,66,Neonates,2,1.09,NA,2.74
7-5-2019,15,25,3,20,Ephip,NA,NA,1.23,2.79
7-5-2019,15,25,3,4,Neonates,2,0.971666667,NA,2.816666667
7-5-2019,25,25,1,44,Neonates,2,0.993333333,NA,2.88
7-5-2019,25,25,1,30,Neonates,2,1.01,NA,2.99
7-5-2019,25,25,1,20,Neonates,1,1.3,NA,3.05
7-5-2019,25,25,1,9,Neonates,1,1.356666667,NA,2.933333333
7-5-2019,25,25,1,4,Neonates,2,1.065,NA,2.796666667
7-5-2019,25,25,2,44,Neonates,1,1.56,NA,2.833333333
7-5-2019,25,25,2,20,Neonates,1,1.03,NA,3.01
7-5-2019,25,25,2,13,Neonates,2,1.033333333,NA,2.966666667
7-5-2019,25,25,2,4,Neonates,1,1.57,NA,2.96
7-5-2019,25,25,3,44,Neonates,1,1.05,NA,2.82
7-5-2019,25,25,3,13,Neonates,2,1.385,NA,2.893333333
8-5-2019,15,20,1,30,Neonates,2,1.05,NA,3.08
8-5-2019,15,20,1,6,Dead,2,1.023333333,NA,3.08
8-5-2019,15,20,1,0,Neonates,1,1.04,NA,3.25
8-5-2019,15,20,3,44,Neonates,2,0.971666667,NA,2.643333333
8-5-2019,15,20,3,4,Neonates,2,0.978333333,NA,2.98
8-5-2019,15,20,3,0,Neonates,2,0.97,NA,2.946666667
8-5-2019,20,20,2,100,Neonates,2,1.27,NA,3.156666667
8-5-2019,20,20,3,100,Ephip,NA,NA,1.266666667,3.11
8-5-2019,20,20,3,20,Neonates,3,1.025555556,NA,3.17
8-5-2019,20,20,3,4,Neonates,2,1,NA,3.166666667
8-5-2019,25,20,2,20,Neonates,2,1.008333333,NA,2.86
8-5-2019,25,20,2,4,Ephip,NA,NA,1.246666667,2.966666667
8-5-2019,25,20,3,4,Neonates,1,1.04,NA,3.18
8-5-2019,20,15,2,66,Neonates,5,0.794,NA,2.72
8-5-2019,20,15,3,100,Neonates,1,0.883333333,NA,2.43
8-5-2019,15,15,2,30,Neonates,7,0.851333333,NA,2.79
8-5-2019,15,15,2,20,Neonates,5,0.844,NA,2.55
8-5-2019,15,15,3,100,Neonates,10,0.797,NA,2.58
8-5-2019,15,15,3,66,Neonates,10,0.974166667,NA,2.793333333
8-5-2019,20,25,2,9,Neonates,2,1.07,NA,3.06
8-5-2019,20,25,3,44,Neonates,2,1.306666667,NA,2.87
8-5-2019,15,25,1,13,Ephip,NA,NA,1.17,2.826666667
8-5-2019,15,25,2,44,Neonates,2,0.958333333,NA,2.696666667
8-5-2019,15,25,2,9,Neonates,2,1.001666667,NA,2.953333333
8-5-2019,15,25,3,13,Neonates,2,1.286666667,NA,2.783333333
8-5-2019,15,25,3,0,Neonates,1,1.016666667,NA,2.676666667
8-5-2019,25,25,1,66,Neonates,1,1.196666667,NA,2.876666667
8-5-2019,25,25,1,9,Neonates,1,0.97,NA,2.87
8-5-2019,25,25,2,44,Neonates,2,1.025,NA,2.88
8-5-2019,25,25,2,4,Neonates,1,0.996666667,NA,3.143333333
8-5-2019,25,25,3,30,Ephip,NA,NA,1.25,3.05
8-5-2019,25,25,3,20,Neonates,1,1.02,NA,3.093333333
8-5-2019,25,25,3,4,Neonates,2,1.281666667,NA,2.88
9-5-2019,20,20,2,20,Neonates,2,0.998333333,NA,3.15
9-5-2019,20,20,2,13,Ephip,NA,NA,1.32,3.07
9-5-2019,20,20,2,9,Ephip,NA,NA,1.34,3.25
9-5-2019,20,20,2,6,Neonates,2,1.008333333,NA,3.26
9-5-2019,20,20,2,4,Neonates,1,1.01,NA,2.98
9-5-2019,25,20,1,30,Ephip,NA,NA,1.316666667,2.916666667
9-5-2019,25,20,1,13,Ephip,NA,NA,1.36,3.173333333
9-5-2019,15,20,2,9,Neonates,3,1.032222222,NA,3.146666667
9-5-2019,15,20,2,0,Neonates,1,1.11,NA,3.08
9-5-2019,25,20,3,66,Neonates,2,1.108333333,NA,3.116666667
9-5-2019,25,20,3,44,Neonates,1,1.34,NA,2.9
9-5-2019,25,20,3,20,Neonates,2,1.025,NA,3.16
9-5-2019,15,20,1,9,Neonates,2,1.0125,NA,3.166666667
9-5-2019,15,20,1,4,Neonates,2,0.976666667,NA,3.073333333
9-5-2019,15,20,2,44,Neonates,5,0.906,NA,2.7
9-5-2019,20,15,3,0,Neonates,3,0.878888889,NA,2.873333333
9-5-2019,25,15,1,6,Ephip,NA,NA,1.35,3.12
9-5-2019,25,15,2,20,Neonates,4,0.904444444,NA,2.76
9-5-2019,25,15,2,13,Neonates,4,0.93,NA,3.05
9-5-2019,15,15,2,100,Neonates,6,0.782857143,NA,2.826666667
9-5-2019,15,15,2,66,Neonates,2,0.865,NA,2.523333333
9-5-2019,15,15,3,44,Neonates,11,0.815,NA,2.88
9-5-2019,15,15,3,30,Neonates,11,0.841666667,NA,2.84
9-5-2019,15,15,3,20,Neonates,12,0.854166667,NA,2.85
9-5-2019,20,25,2,66,Neonates,1,1.03,NA,2.97
9-5-2019,20,25,3,30,Ephip,NA,NA,1.34,3.01
9-5-2019,20,25,3,13,Neonates,1,1.22,NA,2.96
9-5-2019,20,25,3,6,Ephip,NA,NA,1.2,2.91
9-5-2019,25,25,2,20,Neonates,3,0.98,NA,3.07
9-5-2019,25,25,2,13,Neonates,2,1.01,NA,3.14
9-5-2019,20,25,3,30,Neonates,2,1.041666667,NA,3.02
9-5-2019,15,25,1,20,Neonates,1,1.23,NA,2.99
9-5-2019,15,25,3,30,Neonates,2,1.24,NA,2.94
9-5-2019,15,25,3,4,Neonates,2,1.25,NA,2.93
10-5-2019,20,25,3,66,Neonates,2,1.03,NA,2.95
10-5-2019,25,15,2,66,Neonates,3,0.883333333,NA,2.69
10-5-2019,25,15,2,30,Dead,7,0.850952381,NA,2.97
10-5-2019,25,15,3,30,Neonates,5,0.97,NA,2.98
10-5-2019,25,15,3,6,Neonates,3,1.111111111,NA,2.665
10-5-2019,25,25,2,44,Neonates,2,0.913333333,NA,2.98
10-5-2019,25,25,2,6,Neonates,4,0.905833333,NA,3.12
10-5-2019,25,25,3,66,Neonates,3,0.966666667,NA,3.06
10-5-2019,25,25,3,4,Neonates,2,1.23,NA,3.21
13-5-2019,15,20,2,44,Neonates,1,0.92,NA,2.83
13-5-2019,15,20,2,9,Neonates,4,1.018333333,NA,3.16
13-5-2019,15,20,2,6,Neonates,5,1.0225,NA,3.17
13-5-2019,15,20,2,0,Neonates,3,0.987777778,NA,3.37
13-5-2019,15,20,3,44,Neonates,1,1.18,NA,2.78
13-5-2019,15,20,3,13,Neonates,4,0.916666667,NA,3.26
13-5-2019,15,20,3,9,Neonates,4,0.94,NA,3.17
13-5-2019,15,25,2,100,Neonates,1,0.88,NA,2.7
13-5-2019,15,25,2,30,Neonates,1,0.96,NA,3.21
13-5-2019,15,25,2,9,Neonates,4,0.91,NA,3.11
13-5-2019,15,25,2,6,Neonates,4,0.945,NA,3.08
13-5-2019,15,15,2,9,Neonates,1,0.94,NA,2.65
13-5-2019,15,15,3,13,Neonates,1,0.9,NA,2.85
14-5-2019,15,15,2,66,Dead,NA,NA,NA,2.19
14-5-2019,15,15,2,30,Ephip,NA,NA,1.34,2.76
14-5-2019,15,15,2,13,Neonates,1,0.87,NA,2.68
14-5-2019,15,25,2,100,Dead,NA,NA,NA,2.67
14-5-2019,15,25,2,66,Neonates,2,0.965,NA,2.91
14-5-2019,15,25,3,30,Neonates,4,0.932,NA,3.1
14-5-2019,15,25,3,6,Neonates,3,0.993333333,NA,3.18
14-5-2019,15,20,2,13,Neonates,4,0.9325,NA,3.06
14-5-2019,15,20,3,44,Neonates,3,0.915555556,NA,3.09
14-5-2019,15,20,3,30,Neonates,3,0.993333333,NA,3.02
14-5-2019,15,20,3,6,Neonates,7,0.904761905,NA,3.22
14-5-2019,15,20,3,0,Neonates,7,0.88047619,NA,3
15-5-2019,15,20,2,100,Neonates,1,0.79,NA,2.75
15-5-2019,15,20,2,20,Neonates,4,0.966666667,NA,3.1
15-5-2019,15,20,2,4,Neonates,6,0.952777778,NA,3.2
15-5-2019,15,20,3,4,Neonates,6,0.958095238,NA,3.05
15-5-2019,15,15,2,44,Neonates,2,0.906666667,NA,2.77
15-5-2019,15,15,2,20,Neonates,2,0.92,NA,2.69
15-5-2019,15,25,2,44,Neonates,3,0.923333333,NA,2.74
15-5-2019,15,25,2,30,Neonates,4,0.918333333,NA,3.2
15-5-2019,15,25,3,66,Dead,1,0.81,NA,2.72
15-5-2019,15,25,3,44,Neonates,2,0.96,NA,3.03
15-5-2019,15,25,3,20,Ephip,NA,NA,1.36,3.08
15-5-2019,15,25,3,13,Neonates,4,0.918333333,NA,3.01
15-5-2019,15,25,3,4,Neonates,2,0.988333333,NA,2.93
16-5-2019,15,20,3,67,Neonates,4,1.1825,NA,3.06
16-5-2019,15,20,3,20,Neonates,4,1.155,NA,3.18
16-5-2019,15,20,3,13,Neonates,8,0.965047619,NA,3.65
16-5-2019,15,25,3,0,Neonates,2,1.016666667,NA,3.12
,,,,,,,,,
,,,,,,,,,
,,,,,,,,,
,,,,,,,,,
,,,,,,,,,
,,,,,,,,,
,,,,,,,,,
,,,,,,,,,
,,,,,,,,,
,,,,,,,,,
,,,,,,,,,
,,,,,,,,,
,,,,,,,,,
,,,,,,,,,
,,,,,,,,,
,,,,,,,,,
,,,,,,,,,
,,,,,,,,,
,,,,,,,,,
,,,,,,,,,
,,,,,,,,,
,,,,,,,,,
,,,,,,,,,
,,,,,,,,,
,,,,,,,,,
,,,,,,,,,
,,,,,,,,,
,,,,,,,,,
,,,,,,,,,
,,,,,,,,,
,,,,,,,,,
,,,,,,,,,
,,,,,,,,,
,,,,,,,,,
,,,,,,,,,
,,,,,,,,,
,,,,,,,,,
,,,,,,,,,
,,,,,,,,,
,,,,,,,,,
,,,,,,,,,
,,,,,,,,,
,,,,,,,,,
,,,,,,,,,
,,,,,,,,,
,,,,,,,,,
,,,,,,,,,
,,,,,,,,,
,,,,,,,,,
,,,,,,,,,
,,,,,,,,,
,,,,,,,,,
,,,,,,,,,
,,,,,,,,,
,,,,,,,,,
,,,,,,,,,
,,,,,,,,,
,,,,,,,,,
,,,,,,,,,
,,,,,,,,,
,,,,,,,,,
,,,,,,,,,
,,,,,,,,,
,,,,,,,,,
,,,,,,,,,
,,,,,,,,,
,,,,,,,,,
,,,,,,,,,
,,,,,,,,,
,,,,,,,,,
,,,,,,,,,
,,,,,,,,,
,,,,,,,,,
,,,,,,,,,
,,,,,,,,,
,,,,,,,,,
,,,,,,,,,
,,,,,,,,,
,,,,,,,,,
,,,,,,,,,
,,,,,,,,,
,,,,,,,,,
,,,,,,,,,
,,,,,,,,,
,,,,,,,,,
,,,,,,,,,
,,,,,,,,,
,,,,,,,,,
,,,,,,,,,
,,,,,,,,,
,,,,,,,,,
,,,,,,,,,
,,,,,,,,,
,,,,,,,,,
,,,,,,,,,
,,,,,,,,,
,,,,,,,,,
,,,,,,,,,
,,,,,,,,,
,,,,,,,,,
,,,,,,,,,
,,,,,,,,,
,,,,,,,,,
,,,,,,,,,
,,,,,,,,,
,,,,,,,,,
,,,,,,,,,
,,,,,,,,,
,,,,,,,,,
,,,,,,,,,
,,,,,,,,,
,,,,,,,,,
,,,,,,,,,
,,,,,,,,,
,,,,,,,,,
,,,,,,,,,
,,,,,,,,,
,,,,,,,,,
,,,,,,,,,
,,,,,,,,,
,,,,,,,,,
,,,,,,,,,
,,,,,,,,,
,,,,,,,,,
,,,,,,,,,
,,,,,,,,,
,,,,,,,,,
,,,,,,,,,
,,,,,,,,,
,,,,,,,,,
,,,,,,,,,
,,,,,,,,,
,,,,,,,,,
,,,,,,,,,
,,,,,,,,,
,,,,,,,,,
,,,,,,,,,
,,,,,,,,,
,,,,,,,,,
,,,,,,,,,
,,,,,,,,,
,,,,,,,,,
,,,,,,,,,
,,,,,,,,,
,,,,,,,,,
,,,,,,,,,
,,,,,,,,,
,,,,,,,,,
,,,,,,,,,
,,,,,,,,,
,,,,,,,,,
,,,,,,,,,
,,,,,,,,,
,,,,,,,,,
,,,,,,,,,
,,,,,,,,,
,,,,,,,,,
,,,,,,,,,
,,,,,,,,,
,,,,,,,,,
,,,,,,,,,
,,,,,,,,,
,,,,,,,,,
,,,,,,,,,
,,,,,,,,,
,,,,,,,,,
,,,,,,,,,
,,,,,,,,,
,,,,,,,,,
,,,,,,,,,
,,,,,,,,,
,,,,,,,,,
,,,,,,,,,
,,,,,,,,,
,,,,,,,,,
,,,,,,,,,
,,,,,,,,,
,,,,,,,,,
,,,,,,,,,
,,,,,,,,,
,,,,,,,,,
,,,,,,,,,
,,,,,,,,,
,,,,,,,,,
,,,,,,,,,
,,,,,,,,,
,,,,,,,,,
,,,,,,,,,
,,,,,,,,,
,,,,,,,,,
,,,,,,,,,
,,,,,,,,,
,,,,,,,,,
,,,,,,,,,
,,,,,,,,,
,,,,,,,,,
,,,,,,,,,
,,,,,,,,,
,,,,,,,,,
,,,,,,,,,
,,,,,,,,,
,,,,,,,,,
,,,,,,,,,
,,,,,,,,,
,,,,,,,,,
,,,,,,,,,
,,,,,,,,,
,,,,,,,,,
,,,,,,,,,
,,,,,,,,,
,,,,,,,,,
,,,,,,,,,
,,,,,,,,,
,,,,,,,,,
,,,,,,,,,
,,,,,,,,,
,,,,,,,,,
,,,,,,,,,
,,,,,,,,,
,,,,,,,,,
,,,,,,,,,
,,,,,,,,,
,,,,,,,,,
,,,,,,,,,
,,,,,,,,,
,,,,,,,,,
,,,,,,,,,
,,,,,,,,,
,,,,,,,,,
,,,,,,,,,
,,,,,,,,,
,,,,,,,,,
,,,,,,,,,
,,,,,,,,,
,,,,,,,,,
,,,,,,,,,
,,,,,,,,,
,,,,,,,,,
,,,,,,,,,
,,,,,,,,,
,,,,,,,,,
,,,,,,,,,
,,,,,,,,,
,,,,,,,,,
,,,,,,,,,
,,,,,,,,,
,,,,,,,,,
,,,,,,,,,
,,,,,,,,,
,,,,,,,,,
,,,,,,,,,
,,,,,,,,,
,,,,,,,,,
,,,,,,,,,
,,,,,,,,,
,,,,,,,,,
,,,,,,,,,
,,,,,,,,,
,,,,,,,,,
,,,,,,,,,
,,,,,,,,,
,,,,,,,,,
,,,,,,,,,
,,,,,,,,,
,,,,,,,,,
,,,,,,,,,
,,,,,,,,,
,,,,,,,,,
,,,,,,,,,
,,,,,,,,,
,,,,,,,,,
,,,,,,,,,
,,,,,,,,,
,,,,,,,,,
,,,,,,,,,
,,,,,,,,,
,,,,,,,,,
,,,,,,,,,
,,,,,,,,,
,,,,,,,,,
,,,,,,,,,
,,,,,,,,,
,,,,,,,,,
,,,,,,,,,
,,,,,,,,,
,,,,,,,,,
,,,,,,,,,
,,,,,,,,,
,,,,,,,,,
,,,,,,,,,
,,,,,,,,,
,,,,,,,,,
,,,,,,,,,
,,,,,,,,,
,,,,,,,,,
,,,,,,,,,
,,,,,,,,,
,,,,,,,,,
,,,,,,,,,
,,,,,,,,,
,,,,,,,,,
,,,,,,,,,
,,,,,,,,,
,,,,,,,,,
,,,,,,,,,
,,,,,,,,,
,,,,,,,,,
,,,,,,,,,
,,,,,,,,,
,,,,,,,,,
,,,,,,,,,
,,,,,,,,,
,,,,,,,,,
,,,,,,,,,
,,,,,,,,,
,,,,,,,,,
,,,,,,,,,
,,,,,,,,,
,,,,,,,,,
,,,,,,,,,
,,,,,,,,,
,,,,,,,,,
,,,,,,,,,
,,,,,,,,,
,,,,,,,,,
,,,,,,,,,
,,,,,,,,,
,,,,,,,,,
,,,,,,,,,
,,,,,,,,,
,,,,,,,,,
,,,,,,,,,
,,,,,,,,,
,,,,,,,,,
,,,,,,,,,
,,,,,,,,,
,,,,,,,,,
,,,,,,,,,
,,,,,,,,,
,,,,,,,,,
,,,,,,,,,
,,,,,,,,,
,,,,,,,,,
,,,,,,,,,
,,,,,,,,,
,,,,,,,,,
,,,,,,,,,
,,,,,,,,,
,,,,,,,,,
,,,,,,,,,
,,,,,,,,,
,,,,,,,,,
,,,,,,,,,
,,,,,,,,,
,,,,,,,,,
,,,,,,,,,
,,,,,,,,,
,,,,,,,,,
,,,,,,,,,
,,,,,,,,,
,,,,,,,,,
,,,,,,,,,
,,,,,,,,,
,,,,,,,,,
,,,,,,,,,
,,,,,,,,,
,,,,,,,,,
,,,,,,,,,
,,,,,,,,,
,,,,,,,,,
,,,,,,,,,
,,,,,,,,,
,,,,,,,,,
,,,,,,,,,
,,,,,,,,,
,,,,,,,,,
,,,,,,,,,
,,,,,,,,,
,,,,,,,,,
,,,,,,,,,
,,,,,,,,,
,,,,,,,,,
,,,,,,,,,
,,,,,,,,,
,,,,,,,,,
,,,,,,,,,
,,,,,,,,,
,,,,,,,,,
,,,,,,,,,
,,,,,,,,,
,,,,,,,,,
,,,,,,,,,
,,,,,,,,,
,,,,,,,,,
